{
	"format_version": "1.8.0",
	"animations": {
		"animation.ninetales_alolan.ground_idle": {
			"loop": true,
			"bones": {
				"body": {
					"position": [0, -0.25, 0]
				},
				"torso": {
					"rotation": [2.5, 0, 0]
				},
				"chest": {
					"rotation": [-5, 0, 0]
				},
				"neck": {
					"rotation": [-10, 0, 0]
				},
				"neck2": {
					"rotation": [-10, 0, 0]
				},
				"head_rotation": {
					"rotation": [14.54701, -3.59452, 0.40543]
				},
				"hair": {
					"rotation": [13.75153, 7.26228, 1.47729]
				},
				"hair2": {
					"rotation": [-12.54624, 4.88119, -1.08482]
				},
				"hair3": {
					"rotation": [-24.58726, -15.69466, 1.78427]
				},
				"hair4": {
					"rotation": [3.48303, -24.77164, -8.26511]
				},
				"hair5": {
					"rotation": [-7.97337, -59.03741, 4.53051]
				},
				"hair_bottom": {
					"rotation": [7.5, 0, 0]
				},
				"hair_bottom2": {
					"rotation": [-27.70212, -6.64851, 3.47875]
				},
				"hair_bottom3": {
					"rotation": [25.56145, -27.51235, -12.45891]
				},
				"hair6": {
					"rotation": [7.5, 0, 0]
				},
				"hair7": {
					"rotation": [-40.98084, -11.43563, 9.77243]
				},
				"hair8": {
					"rotation": [30.86748, -12.95254, -7.63074]
				},
				"tail": {
					"rotation": [0, 0, 0]
				},
				"tail_middle_rotation": {
					"rotation": [65, 0, 0]
				},
				"tail_middle2": {
					"rotation": [-7.5, 0, 0]
				},
				"tail_middle3": {
					"rotation": [-25, 0, 0]
				},
				"tail_middle4": {
					"rotation": [-30, 0, 0]
				},
				"tail_middle5": {
					"rotation": [-25, 0, 0]
				},
				"tail_middle6": {
					"rotation": [-12.62353, 7.24305, -1.95155]
				},
				"tail_middle7": {
					"rotation": [-31.18939, -15.09492, 8.95891]
				},
				"tail_middle8": {
					"rotation": [15.22074, 9.65594, 2.61298]
				},
				"tail_middle9": {
					"rotation": [-20, 0, 0]
				},
				"tail_left1_rotation": {
					"rotation": [64.2174, 8.98581, 12.04686]
				},
				"tail_left1_2": {
					"rotation": [-17.51565, -2.38422, 0.7522]
				},
				"tail_left1_3": {
					"rotation": [-10.03742, -4.92385, 0.87038]
				},
				"tail_left1_4": {
					"rotation": [-37.52635, -1.98315, 1.52251]
				},
				"tail_left1_5": {
					"rotation": [-17.51565, -2.38422, 0.7522]
				},
				"tail_left1_6": {
					"rotation": [-25.08377, -4.53051, 2.11751]
				},
				"tail_left1_7": {
					"rotation": [-15.22074, 9.65594, -2.61298]
				},
				"tail_left1_8": {
					"rotation": [30.71983, -13.97399, -3.85625]
				},
				"tail_left1_9": {
					"rotation": [-42.24682, 17.04679, -14.9092]
				},
				"tail_left2_rotation": {
					"rotation": [63.58314, 11.98346, 41.65117]
				},
				"tail_left2_2": {
					"rotation": [-15.50409, -14.47751, 3.96713]
				},
				"tail_left2_3": {
					"rotation": [-9.9045, -2.61747, -1.08202]
				},
				"tail_left2_4": {
					"rotation": [-27.5209, -2.26564, 1.0571]
				},
				"tail_left2_5": {
					"rotation": [-30.09468, -4.32875, 2.50477]
				},
				"tail_left2_6": {
					"rotation": [-13.06681, 11.06861, -5.84485]
				},
				"tail_left2_7": {
					"rotation": [-25.08377, 4.53051, -2.11751]
				},
				"tail_left2_8": {
					"rotation": [21.88023, -23.39896, -9.06159]
				},
				"tail_left2_9": {
					"rotation": [0, 25, 0]
				},
				"tail_left3": {
					"rotation": [-7.34619, 17.12827, -7.84022]
				},
				"tail_left3_rotation": {
					"rotation": [76.5201, -21.21599, 70.91151]
				},
				"tail_left3_2": {
					"rotation": [-23.00013, -11.40209, 5.14995]
				},
				"tail_left3_3": {
					"rotation": [-10, 0, 0]
				},
				"tail_left3_4": {
					"rotation": [-20, 0, 0]
				},
				"tail_left3_5": {
					"rotation": [-30.02363, 2.16489, -1.2506]
				},
				"tail_left3_6": {
					"rotation": [-12.99008, 11.53486, -4.8493]
				},
				"tail_left3_7": {
					"rotation": [15, 20, 0]
				},
				"tail_left3_8": {
					"rotation": [-22.89875, -8.42145, 5.41207]
				},
				"tail_left3_9": {
					"rotation": [30, 22.5, 0]
				},
				"tail_left4_rotation": {
					"rotation": [83.07626, 7.16729, 88.89799]
				},
				"tail_left4_2": {
					"rotation": [-28.3693, -12.72029, 8.00075]
				},
				"tail_left4_3": {
					"rotation": [-12.60443, -7.32123, 1.63219]
				},
				"tail_left4_4": {
					"rotation": [-15.04624, -4.88119, 1.08482]
				},
				"tail_left4_5": {
					"rotation": [-29.41237, -2.14804, -1.84068]
				},
				"tail_left4_6": {
					"rotation": [-9.14867, 20.70481, -9.00717]
				},
				"tail_left4_7": {
					"rotation": [-15, -2.5, 0]
				},
				"tail_left4_8": {
					"rotation": [10, 20, 0]
				},
				"tail_left4_9": {
					"rotation": [0, -25, 0]
				},
				"tail_right1_rotation": {
					"rotation": [64.2174, -8.98581, -12.04686]
				},
				"tail_right1_2": {
					"rotation": [-17.51565, 2.38422, -0.7522]
				},
				"tail_right1_3": {
					"rotation": [-10.03742, 4.92385, -0.87038]
				},
				"tail_right1_4": {
					"rotation": [-37.52635, 1.98315, -1.52251]
				},
				"tail_right1_5": {
					"rotation": [-17.51565, 2.38422, -0.7522]
				},
				"tail_right1_6": {
					"rotation": [-25.08377, 4.53051, -2.11751]
				},
				"tail_right1_7": {
					"rotation": [-15.22074, -9.65594, 2.61298]
				},
				"tail_right1_8": {
					"rotation": [30.71983, 13.97399, 3.85625]
				},
				"tail_right1_9": {
					"rotation": [-42.24682, -17.04679, 14.9092]
				},
				"tail_right2_rotation": {
					"rotation": [63.58314, -11.98346, -41.65117]
				},
				"tail_right2_2": {
					"rotation": [-15.50409, 14.47751, -3.96713]
				},
				"tail_right2_3": {
					"rotation": [-9.9045, 2.61747, 1.08202]
				},
				"tail_right2_4": {
					"rotation": [-27.5209, 2.26564, -1.0571]
				},
				"tail_right2_5": {
					"rotation": [-30.09468, 4.32875, -2.50477]
				},
				"tail_right2_6": {
					"rotation": [-13.06681, -11.06861, 5.84485]
				},
				"tail_right2_7": {
					"rotation": [-25.08377, -4.53051, 2.11751]
				},
				"tail_right2_8": {
					"rotation": [21.88023, 23.39896, 9.06159]
				},
				"tail_right2_9": {
					"rotation": [0, -25, 0]
				},
				"leg_front_left": {
					"rotation": [-4.99527, 0.21782, 2.4905]
				},
				"leg_front_left2": {
					"rotation": [-5, 0, 0]
				},
				"foot_front_left": {
					"rotation": [9.99067, 0.43399, -2.46207]
				},
				"leg_back_left": {
					"rotation": [12.5048, 1.93726, -2.22807]
				},
				"leg_back_left2": {
					"rotation": [-5, 0, 0]
				},
				"leg_back_left3": {
					"rotation": [-2.49673, -0.12261, 0.03929]
				},
				"foot_back_left": {
					"rotation": [-5.00899, -0.3507, 2.5603]
				},
				"leg_front_right": {
					"rotation": [7.47178, 0.65182, -4.95744]
				},
				"leg_front_right2": {
					"rotation": [-2.5, 0, 0]
				},
				"foot_front_right": {
					"rotation": [-5, 0, 5]
				},
				"leg_back_right": {
					"rotation": [-9.8369, 5.47408, 1.12804]
				},
				"leg_back_right2": {
					"rotation": [5, 0, 0]
				},
				"leg_back_right3": {
					"rotation": [0, 0, 0]
				},
				"foot_back_right": {
					"rotation": [4.98247, 0.85481, -2.34941]
				},
				"tail_right3": {
					"rotation": [-7.34619, -17.12827, 7.84022]
				},
				"tail_right3_rotation": {
					"rotation": [76.5201, 21.21599, -70.91151]
				},
				"tail_right3_2": {
					"rotation": [-23.00013, 11.40209, -5.14995]
				},
				"tail_right3_3": {
					"rotation": [-10, 0, 0]
				},
				"tail_right3_4": {
					"rotation": [-20, 0, 0]
				},
				"tail_right3_5": {
					"rotation": [-30.02363, -2.16489, 1.2506]
				},
				"tail_right3_6": {
					"rotation": [-12.99008, -11.53486, 4.8493]
				},
				"tail_right3_7": {
					"rotation": [15, -20, 0]
				},
				"tail_right3_8": {
					"rotation": [-22.89875, 8.42145, -5.41207]
				},
				"tail_right3_9": {
					"rotation": [30, -22.5, 0]
				},
				"tail_right4_rotation": {
					"rotation": [83.07626, -7.16729, -88.89799]
				},
				"tail_right4_2": {
					"rotation": [-28.3693, 12.72029, -8.00075]
				},
				"tail_right4_3": {
					"rotation": [-12.60443, 7.32123, -1.63219]
				},
				"tail_right4_4": {
					"rotation": [-15.04624, 4.88119, -1.08482]
				},