{
	"format_version": "1.8.0",
	"animations": {
		"animation.bodyslam.actor": {
			"animation_length": 1.6667,
			"bones": {
				"root_part": {
					"position": {
						"0.1667": [0, 0, 0],
						"0.2083": [0, 0, 0],
						"0.25": [0, 0.86844, 0],
						"0.2917": [0, 3.32949, 0],
						"0.3333": [0, 11.88096, 0],
						"0.375": [0, 17.09598, 0],
						"0.4583": {
							"pre": [0, 23.96452, 0],
							"post": [0, 23.96452, 0],
							"lerp_mode": "catmullrom"
						},
						"0.6667": {
							"post": [0, 27.27048, 0],
							"lerp_mode": "catmullrom"
						},
						"0.9583": {
							"post": [0, 24.8848, 0],
							"lerp_mode": "catmullrom"
						},
						"1.0833": {
							"post": [0, 16.13938, 0],
							"lerp_mode": "catmullrom"
						},
						"1.125": [0, 1.25256, 0],
						"1.1667": [0, 0, 0],
						"1.2083": [0, "1.5+math.sin(q.anim_time*90*70)*2", 0],
						"1.4583": [0, 0, 0]
					},
					"scale": {
						"0.0": [1, 1, 1],
						"0.0417": [1.0103, 0.97426, 1.0103],
						"0.0833": [1.02767, 0.93083, 1.02767],
						"0.125": [1.09295, 0.84601, 1.09295],
						"0.1667": [1.098, 0.8138, 1.098],
						"0.2083": [1.09043, 0.83674, 1.09043],
						"0.25": [1.0565, 0.88178, 1.0565],
						"0.2917": [0.9925, 1.06526, 0.9925],
						"0.3333": [0.951, 1.147, 0.951],
						"0.375": [0.95291, 1.12765, 0.95291],
						"0.4167": [0.95824, 1.1048, 0.95824],
						"0.5": [0.98483, 1.03272, 0.98483],
						"0.5417": [0.99276, 1.01506, 0.99276],
						"0.5833": [0.99809, 1.00383, 0.99809],
						"0.625": [1, 1, 1]
					}
				}
			},
			"particle_effects": {
				"1.1667": [
					{
						"effect": "bodyslam_actor_dust",
						"locator": "root"
					},
					{
						"effect": "bodyslam_actor_smoke",
						"locator": "root"
					}
				]
			}
		}
	}
}