{
	"format_version": "1.8.0",
	"animations": {
		"animation.bulldoze.actor": {
			"animation_length": 0.8333,
			"bones": {
				"root_part": {
					"position": {
						"0.0": [0, 0, 0],
						"0.0417": [0, 0.41869, 0],
						"0.0833": [0, 1.81748, 0],
						"0.125": [0, 4.0072, 0],
						"0.1667": [0, 5.83938, 0],
						"0.2083": [0, 6.43, 0],
						"0.25": [0, 5.90087, 0],
						"0.2917": [0, -0.05, 0],
						"0.3333": [0, 0, 0],
						"0.375": [0, "math.sin(q.anim_time*180*50)*2", 0],
						"0.4167": [0, 0, 0],
						"0.8333": [0, 0, 0]
					},
					"scale": {
						"0.0": [1, 1, 1],
						"0.0417": [0.98969, 1.01031, 0.98969],
						"0.0833": [0.91031, 1.08969, 0.91031],
						"0.125": [0.9, 1.1, 0.9],
						"0.1667": [0.91031, 1.08969, 0.91031],
						"0.2083": [0.98969, 1.01031, 0.98969],
						"0.25": [1, 1, 1],
						"0.2917": [1, 1, 1]
					}
				}
			},
			"particle_effects": {
				"0.2917": [
					{
						"effect": "bulldoze_actorspark",
						"locator": "root"
					},
					{
						"effect": "bulldoze_actorquake",
						"locator": "root"
					}
				]
			}
		},
		"animation.bulldoze.target": {
			"animation_length": 0.8,
			"bones": {
				"root_part": {
					"rotation": {
						"0.0": ["math.sin(q.anim_time*100*30)*4", 0, "math.sin(q.anim_time*100*50)*4"],
						"0.7": [0, 0, 0]
					},
					"position": {
						"0.0": [0, "math.sin(q.anim_time*180*30)*2", 0],
						"0.7": [0, "math.sin(180*50)*5", 0]
					}
				}
			}
		}
	}
}